Jahr,Quartier,Zimmeranzahl,MedianPreis,PreisProQm,Zimmeranzahl_num,MedianPreis_Baualter,Durchschnitt_Baujahr,Preis_Verhältnis,Quartier_Preisniveau,Quartier_Code
2024,Ganze Stadt,1-Zimmer,720000.0,15641.0,1,810500.0,0.0,0.8883405305367057,1.0307483920722538,9
2024,Ganze Stadt,2-Zimmer,1020000.0,17231.0,2,1132250.0,0.0,0.9008611172444249,1.0307483920722538,9
2024,Ganze Stadt,3-Zimmer,1383130.0,16225.0,3,1606355.0,0.0,0.8610363213610939,1.0307483920722538,9
2024,Ganze Stadt,4-Zimmer,1755000.0,16761.0,4,1976250.0,0.0,0.888045540796964,1.0307483920722538,9
2024,Ganze Stadt,5-Zimmer,2300000.0,16840.0,5,2454583.3333333335,0.0,0.9370225768120862,1.0307483920722538,9
2024,Ganze Stadt,6-Zimmer und mehr,2970000.0,16919.0,6,3038774.0,0.0,0.9773678463748867,1.0307483920722538,9
2024,Kreis 1,1-Zimmer,495000.0,17719.0,1,810500.0,0.0,0.6107341147439852,0.8928027495031213,17
2024,Kreis 1,2-Zimmer,2250000.0,40179.0,2,1132250.0,0.0,1.9871936409803488,0.8928027495031213,17
2024,Kreis 1,3-Zimmer,1470000.0,14176.0,3,1606355.0,0.0,0.9151152765111075,0.8928027495031213,17
2024,Kreis 1,4-Zimmer,1700000.0,13600.0,4,1976250.0,0.0,0.8602150537634409,0.8928027495031213,17
2024,Kreis 1,5-Zimmer,1200000.0,8889.0,5,2454583.3333333335,0.0,0.48888134442369713,0.8928027495031213,17
2024,Kreis 1,6-Zimmer und mehr,1675000.0,8957.0,6,3038774.0,0.0,0.5512091389487997,0.8928027495031213,17
2024,Rathaus,1-Zimmer,487500.0,17551.5,1,810500.0,0.0,0.6014805675508945,0.9336847866675133,35
2024,Rathaus,2-Zimmer,2250000.0,40179.0,2,1132250.0,0.0,1.9871936409803488,0.9336847866675133,35
2024,Rathaus,3-Zimmer,1470000.0,15313.0,3,1606355.0,0.0,0.9151152765111075,0.9336847866675133,35
2024,Rathaus,4-Zimmer,1650000.0,13993.0,4,1976250.0,0.0,0.8349146110056926,0.9336847866675133,35
2024,Rathaus,5-Zimmer,1660000.0,10722.0,5,2454583.3333333335,0.0,0.6762858597861143,0.9336847866675133,35
2024,Rathaus,6-Zimmer und mehr,1675000.0,8957.0,6,3038774.0,0.0,0.5512091389487997,0.9336847866675133,35
2024,Hochschulen,1-Zimmer,0.0,0.0,1,810500.0,0.0,0.0,0.24376866880631298,14
2024,Hochschulen,2-Zimmer,1200000.0,19672.0,2,1132250.0,0.0,1.0598366085228528,0.24376866880631298,14
2024,Hochschulen,3-Zimmer,0.0,0.0,3,1606355.0,0.0,0.0,0.24376866880631298,14
2024,Hochschulen,4-Zimmer,0.0,0.0,4,1976250.0,0.0,0.0,0.24376866880631298,14
2024,Hochschulen,5-Zimmer,1200000.0,8889.0,5,2454583.3333333335,0.0,0.48888134442369713,0.24376866880631298,14
2024,Hochschulen,6-Zimmer und mehr,0.0,0.0,6,3038774.0,0.0,0.0,0.24376866880631298,14
2024,Lindenhof,1-Zimmer,502500.0,12850.5,1,810500.0,0.0,0.6199876619370759,0.9266104167581969,31
2024,Lindenhof,2-Zimmer,2655000.0,40846.0,2,1132250.0,0.0,2.3448884963568117,0.9266104167581969,31
2024,Lindenhof,3-Zimmer,1800000.0,20000.0,3,1606355.0,0.0,1.1205493181768662,0.9266104167581969,31
2024,Lindenhof,4-Zimmer,1940350.0,19554.0,4,1976250.0,0.0,0.9818342820999367,0.9266104167581969,31
2024,Lindenhof,5-Zimmer,2225000.0,16985.0,5,2454583.3333333335,0.0,0.9064674927856051,0.9266104167581969,31
2024,Lindenhof,6-Zimmer und mehr,0.0,0.0,6,3038774.0,0.0,0.0,0.9266104167581969,31
2024,City,1-Zimmer,0.0,0.0,1,810500.0,0.0,0.0,0.3650141261566396,4
2024,City,2-Zimmer,0.0,0.0,2,1132250.0,0.0,0.0,0.3650141261566396,4
2024,City,3-Zimmer,1500000.0,11450.0,3,1606355.0,0.0,0.9337910984807218,0.3650141261566396,4
2024,City,4-Zimmer,1700000.0,13600.0,4,1976250.0,0.0,0.8602150537634409,0.3650141261566396,4
2024,City,5-Zimmer,393710.0,2642.0,5,2454583.3333333335,0.0,0.1603978950942115,0.3650141261566396,4
2024,City,6-Zimmer und mehr,0.0,0.0,6,3038774.0,0.0,0.0,0.3650141261566396,4
2024,Kreis 2,1-Zimmer,850000.0,19639.0,1,810500.0,0.0,1.0487353485502775,1.712289024754384,21
2024,Kreis 2,2-Zimmer,1658000.0,20823.0,2,1132250.0,0.0,1.4643409141090749,1.712289024754384,21
2024,Kreis 2,3-Zimmer,1985000.0,19755.0,3,1606355.0,0.0,1.2357168869894886,1.712289024754384,21
2024,Kreis 2,4-Zimmer,2525000.0,19733.0,4,1976250.0,0.0,1.277672359266287,1.712289024754384,21
2024,Kreis 2,5-Zimmer,2590170.0,17834.0,5,2454583.3333333335,0.0,1.0552381599049396,1.712289024754384,21
2024,Kreis 2,6-Zimmer und mehr,7250000.0,20365.0,6,3038774.0,0.0,2.385830601420178,1.712289024754384,21
2024,Wollishofen,1-Zimmer,1100000.0,15278.0,1,810500.0,0.0,1.3571869216533003,1.3203557276420204,46
2024,Wollishofen,2-Zimmer,1685000.0,20102.0,2,1132250.0,0.0,1.488187237800839,1.3203557276420204,46
2024,Wollishofen,3-Zimmer,1985000.0,19755.0,3,1606355.0,0.0,1.2357168869894886,1.3203557276420204,46
2024,Wollishofen,4-Zimmer,2550000.0,19770.0,4,1976250.0,0.0,1.2903225806451613,1.3203557276420204,46
2024,Wollishofen,5-Zimmer,3149430.0,20134.0,5,2454583.3333333335,0.0,1.2830813104736036,1.3203557276420204,46
2024,Wollishofen,6-Zimmer und mehr,2530000.0,13204.0,6,3038774.0,0.0,0.8325726098749034,1.3203557276420204,46
2024,Leimbach,1-Zimmer,0.0,0.0,1,810500.0,0.0,0.0,0.5063877656308609,30
2024,Leimbach,2-Zimmer,635590.0,9057.0,2,1132250.0,0.0,0.5613512916758666,0.5063877656308609,30
2024,Leimbach,3-Zimmer,950000.0,11552.0,3,1606355.0,0.0,0.5914010290377906,0.5063877656308609,30
2024,Leimbach,4-Zimmer,950000.0,9460.0,4,1976250.0,0.0,0.48070841239721696,0.5063877656308609,30
2024,Leimbach,5-Zimmer,1240000.0,9920.0,5,2454583.3333333335,0.0,0.5051773892378204,0.5063877656308609,30
2024,Leimbach,6-Zimmer und mehr,1210000.0,7129.5,6,3038774.0,0.0,0.39818690037495386,0.5063877656308609,30
2024,Enge,1-Zimmer,600000.0,24000.0,1,810500.0,0.0,0.7402837754472548,1.6970362160066155,5
2024,Enge,2-Zimmer,1658000.0,21204.0,2,1132250.0,0.0,1.4643409141090749,1.6970362160066155,5
2024,Enge,3-Zimmer,2550000.0,26020.0,3,1606355.0,0.0,1.5874448674172272,1.6970362160066155,5
2024,Enge,4-Zimmer,2550000.0,21074.0,4,1976250.0,0.0,1.2903225806451613,1.6970362160066155,5
2024,Enge,5-Zimmer,2100000.0,16031.0,5,2454583.3333333335,0.0,0.85554235274147,1.6970362160066155,5
2024,Enge,6-Zimmer und mehr,7250000.0,20365.0,6,3038774.0,0.0,2.385830601420178,1.6970362160066155,5
2024,Kreis 3,1-Zimmer,312840.0,10370.5,1,810500.0,0.0,0.38598396051819867,1.1038495373333337,22
2024,Kreis 3,2-Zimmer,1250000.0,21667.0,2,1132250.0,0.0,1.103996467211305,1.1038495373333337,22
2024,Kreis 3,3-Zimmer,1695000.0,18026.0,3,1606355.0,0.0,1.0551839412832158,1.1038495373333337,22
2024,Kreis 3,4-Zimmer,1860000.0,17424.0,4,1976250.0,0.0,0.9411764705882353,1.1038495373333337,22
2024,Kreis 3,5-Zimmer,2800000.0,20144.0,5,2454583.3333333335,0.0,1.1407231369886266,1.1038495373333337,22
2024,Kreis 3,6-Zimmer und mehr,2950000.0,19156.0,6,3038774.0,0.0,0.9707862447157966,1.1038495373333337,22
2024,Alt-Wiedikon,1-Zimmer,295000.0,8000.0,1,810500.0,0.0,0.36397285626156695,1.1261604647458314,2
2024,Alt-Wiedikon,2-Zimmer,1250000.0,21667.0,2,1132250.0,0.0,1.103996467211305,1.1261604647458314,2
2024,Alt-Wiedikon,3-Zimmer,1867500.0,17841.0,3,1606355.0,0.0,1.1625699176084987,1.1261604647458314,2
2024,Alt-Wiedikon,4-Zimmer,1925000.0,17180.0,4,1976250.0,0.0,0.9740670461733081,1.1261604647458314,2
2024,Alt-Wiedikon,5-Zimmer,2800000.0,20144.0,5,2454583.3333333335,0.0,1.1407231369886266,1.1261604647458314,2
2024,Alt-Wiedikon,6-Zimmer und mehr,2950000.0,19156.0,6,3038774.0,0.0,0.9707862447157966,1.1261604647458314,2
2024,Friesenberg,1-Zimmer,375000.0,12660.0,1,810500.0,0.0,0.4626773596545342,0.4494484831116396,8
2024,Friesenberg,2-Zimmer,570000.0,10364.0,2,1132250.0,0.0,0.503422389048355,0.4494484831116396,8
2024,Friesenberg,3-Zimmer,790000.0,10395.0,3,1606355.0,0.0,0.49179664519984684,0.4494484831116396,8
2024,Friesenberg,4-Zimmer,1640000.0,16400.0,4,1976250.0,0.0,0.8298545224541429,0.4494484831116396,8
2024,Friesenberg,5-Zimmer,1050000.0,8015.0,5,2454583.3333333335,0.0,0.427771176370735,0.4494484831116396,8
2024,Friesenberg,6-Zimmer und mehr,0.0,0.0,6,3038774.0,0.0,0.0,0.4494484831116396,8
2024,Sihlfeld,1-Zimmer,352780.0,10272.0,1,810500.0,0.0,0.43526218383713755,0.944378105605817,40
2024,Sihlfeld,2-Zimmer,675000.0,11607.0,2,1132250.0,0.0,0.5961580922941047,0.944378105605817,40
2024,Sihlfeld,3-Zimmer,1500000.0,20093.0,3,1606355.0,0.0,0.9337910984807218,0.944378105605817,40
2024,Sihlfeld,4-Zimmer,1930000.0,19109.0,4,1976250.0,0.0,0.9765970904490828,0.944378105605817,40
2024,Sihlfeld,5-Zimmer,1850000.0,10882.0,5,2454583.3333333335,0.0,0.7536920726531997,0.944378105605817,40
2024,Sihlfeld,6-Zimmer und mehr,2990000.0,12723.0,6,3038774.0,0.0,0.9839494480339769,0.944378105605817,40
2024,Kreis 4,1-Zimmer,760000.0,21714.0,1,810500.0,0.0,0.9376927822331894,1.4138582790766154,23
2024,Kreis 4,2-Zimmer,676000.0,10957.0,2,1132250.0,0.0,0.5970412894678737,1.4138582790766154,23
2024,Kreis 4,3-Zimmer,1792500.0,20693.0,3,1606355.0,0.0,1.1158803626844627,1.4138582790766154,23
2024,Kreis 4,4-Zimmer,2380000.0,20536.0,4,1976250.0,0.0,1.2043010752688172,1.4138582790766154,23
2024,Kreis 4,5-Zimmer,2297500.0,12376.0,5,2454583.3333333335,0.0,0.9360040740112034,1.4138582790766154,23
2024,Kreis 4,6-Zimmer und mehr,6014000.0,19654.0,6,3038774.0,0.0,1.979087618888407,1.4138582790766154,23
2024,Werd,1-Zimmer,0.0,0.0,1,810500.0,0.0,0.0,0.4667154304854201,43
2024,Werd,2-Zimmer,0.0,0.0,2,1132250.0,0.0,0.0,0.4667154304854201,43
2024,Werd,3-Zimmer,2215000.0,21095.0,3,1606355.0,0.0,1.3788981887565326,0.4667154304854201,43
2024,Werd,4-Zimmer,2380000.0,20536.0,4,1976250.0,0.0,1.2043010752688172,0.4667154304854201,43
2024,Werd,5-Zimmer,0.0,0.0,5,2454583.3333333335,0.0,0.0,0.4667154304854201,43
2024,Werd,6-Zimmer und mehr,0.0,0.0,6,3038774.0,0.0,0.0,0.4667154304854201,43
2024,Langstrasse,1-Zimmer,755000.0,21571.0,1,810500.0,0.0,0.9315237507711289,1.4647957738292678,29
2024,Langstrasse,2-Zimmer,1005000.0,12510.5,2,1132250.0,0.0,0.8876131596378891,1.4647957738292678,29
2024,Langstrasse,3-Zimmer,1550000.0,18025.0,3,1606355.0,0.0,0.9649174684300793,1.4647957738292678,29
2024,Langstrasse,4-Zimmer,2800000.0,25000.0,4,1976250.0,0.0,1.4168247944339025,1.4647957738292678,29
2024,Langstrasse,5-Zimmer,2297500.0,12376.0,5,2454583.3333333335,0.0,0.9360040740112034,1.4647957738292678,29
2024,Langstrasse,6-Zimmer und mehr,6014000.0,19654.0,6,3038774.0,0.0,1.979087618888407,1.4647957738292678,29
2024,Hard,1-Zimmer,970000.0,33448.0,1,810500.0,0.0,1.1967921036397287,0.35397242116250033,11
2024,Hard,2-Zimmer,515000.0,9884.0,2,1132250.0,0.0,0.4548465444910576,0.35397242116250033,11
2024,Hard,3-Zimmer,650000.0,9026.0,3,1606355.0,0.0,0.40464280934164615,0.35397242116250033,11
2024,Hard,4-Zimmer,1350000.0,14211.0,4,1976250.0,0.0,0.683111954459203,0.35397242116250033,11
2024,Hard,5-Zimmer,0.0,0.0,5,2454583.3333333335,0.0,0.0,0.35397242116250033,11
2024,Hard,6-Zimmer und mehr,0.0,0.0,6,3038774.0,0.0,0.0,0.35397242116250033,11
2024,Kreis 5,1-Zimmer,610000.0,15641.0,1,810500.0,0.0,0.7526218383713756,1.4733789702282167,24
2024,Kreis 5,2-Zimmer,1375000.0,20123.0,2,1132250.0,0.0,1.2143961139324355,1.4733789702282167,24
2024,Kreis 5,3-Zimmer,1960000.0,18860.0,3,1606355.0,0.0,1.2201537020148099,1.4733789702282167,24
2024,Kreis 5,4-Zimmer,3900000.0,20584.0,4,1976250.0,0.0,1.9734345351043643,1.4733789702282167,24
2024,Kreis 5,5-Zimmer,2870000.0,13761.0,5,2454583.3333333335,0.0,1.1692412154133422,1.4733789702282167,24
2024,Kreis 5,6-Zimmer und mehr,3791005.0,11937.0,6,3038774.0,0.0,1.247544239880952,1.4733789702282167,24
2024,Gewerbeschule,1-Zimmer,593490.0,14011.0,1,810500.0,0.0,0.7322516964836521,0.6846090708007296,10
2024,Gewerbeschule,2-Zimmer,995000.0,15247.0,2,1132250.0,0.0,0.8787811879001988,0.6846090708007296,10
2024,Gewerbeschule,3-Zimmer,723010.0,12381.0,3,1606355.0,0.0,0.45009353474169783,0.6846090708007296,10
2024,Gewerbeschule,4-Zimmer,981250.0,8506.0,4,1976250.0,0.0,0.4965211891208096,0.6846090708007296,10
2024,Gewerbeschule,5-Zimmer,2107500.0,9802.5,5,2454583.3333333335,0.0,0.8585978611441181,0.6846090708007296,10
2024,Gewerbeschule,6-Zimmer und mehr,1340000.0,7053.0,6,3038774.0,0.0,0.4409673111590398,0.6846090708007296,10
2024,Escher Wyss,1-Zimmer,865000.0,20116.0,1,810500.0,0.0,1.0672424429364589,1.85487744476149,6
2024,Escher Wyss,2-Zimmer,1630000.0,21875.0,2,1132250.0,0.0,1.4396113932435417,1.85487744476149,6
2024,Escher Wyss,3-Zimmer,1970000.0,19053.0,3,1606355.0,0.0,1.2263789760046815,1.85487744476149,6
2024,Escher Wyss,4-Zimmer,3900000.0,20584.0,4,1976250.0,0.0,1.9734345351043643,1.85487744476149,6
2024,Escher Wyss,5-Zimmer,3655000.0,16059.0,5,2454583.3333333335,0.0,1.489051094890511,1.85487744476149,6
2024,Escher Wyss,6-Zimmer und mehr,6242010.0,16821.0,6,3038774.0,0.0,2.054121168602864,1.85487744476149,6
2024,Kreis 6,1-Zimmer,547500.0,20750.0,1,810500.0,0.0,0.67550894509562,1.1661161809687595,25
2024,Kreis 6,2-Zimmer,900000.0,15500.0,2,1132250.0,0.0,0.7948774563921396,1.1661161809687595,25
2024,Kreis 6,3-Zimmer,1878380.0,19982.0,3,1606355.0,0.0,1.1693430157094789,1.1661161809687595,25
2024,Kreis 6,4-Zimmer,2435000.0,20250.0,4,1976250.0,0.0,1.2321315623023403,1.1661161809687595,25
2024,Kreis 6,5-Zimmer,2750000.0,18230.0,5,2454583.3333333335,0.0,1.1203530809709725,1.1661161809687595,25
2024,Kreis 6,6-Zimmer und mehr,2970000.0,15968.0,6,3038774.0,0.0,0.9773678463748867,1.1661161809687595,25
2024,Unterstrass,1-Zimmer,495000.0,16500.0,1,810500.0,0.0,0.6107341147439852,1.1869502765294058,41
2024,Unterstrass,2-Zimmer,775000.0,15500.0,2,1132250.0,0.0,0.684477809671009,1.1869502765294058,41
2024,Unterstrass,3-Zimmer,2096000.0,21429.0,3,1606355.0,0.0,1.3048174282770622,1.1869502765294058,41
2024,Unterstrass,4-Zimmer,2600000.0,18667.0,4,1976250.0,0.0,1.3156230234029096,1.1869502765294058,41
2024,Unterstrass,5-Zimmer,2750000.0,17188.0,5,2454583.3333333335,0.0,1.1203530809709725,1.1869502765294058,41
2024,Unterstrass,6-Zimmer und mehr,2970000.0,15968.0,6,3038774.0,0.0,0.9773678463748867,1.1869502765294058,41
2024,Oberstrass,1-Zimmer,600000.0,25000.0,1,810500.0,0.0,0.7402837754472548,1.1702673582579737,33
2024,Oberstrass,2-Zimmer,1250000.0,16679.0,2,1132250.0,0.0,1.103996467211305,1.1702673582579737,33
2024,Oberstrass,3-Zimmer,1806750.0,19663.0,3,1606355.0,0.0,1.1247513781200296,1.1702673582579737,33
2024,Oberstrass,4-Zimmer,2425000.0,21272.0,4,1976250.0,0.0,1.2270714737507906,1.1702673582579737,33
2024,Oberstrass,5-Zimmer,2750000.0,20370.0,5,2454583.3333333335,0.0,1.1203530809709725,1.1702673582579737,33
2024,Oberstrass,6-Zimmer und mehr,2690000.0,15669.0,6,3038774.0,0.0,0.8852254231476246,1.1702673582579737,33
2024,Kreis 7,1-Zimmer,680000.0,11525.0,1,810500.0,0.0,0.8389882788402221,1.0765362736963728,26
2024,Kreis 7,2-Zimmer,1168180.0,20714.0,2,1132250.0,0.0,1.0317332744535217,1.0765362736963728,26
2024,Kreis 7,3-Zimmer,1350000.0,16667.0,3,1606355.0,0.0,0.8404119886326497,1.0765362736963728,26
2024,Kreis 7,4-Zimmer,2120000.0,19913.0,4,1976250.0,0.0,1.0727387729285263,1.0765362736963728,26
2024,Kreis 7,5-Zimmer,2570000.0,19667.0,5,2454583.3333333335,0.0,1.047020879307418,1.0765362736963728,26
2024,Kreis 7,6-Zimmer und mehr,2710750.0,17664.0,6,3038774.0,0.0,0.8920538348689306,1.0765362736963728,26
2024,Fluntern,1-Zimmer,726500.0,9773.0,1,810500.0,0.0,0.8963602714373843,1.3990798035302325,7
2024,Fluntern,2-Zimmer,1715000.0,30625.0,2,1132250.0,0.0,1.5146831530139104,1.3990798035302325,7
2024,Fluntern,3-Zimmer,2395000.0,23713.0,3,1606355.0,0.0,1.4909531205742192,1.3990798035302325,7
2024,Fluntern,4-Zimmer,2200000.0,18393.0,4,1976250.0,0.0,1.1132194813409235,1.3990798035302325,7
2024,Fluntern,5-Zimmer,2388000.0,18656.0,5,2454583.3333333335,0.0,0.9728738754031573,1.3990798035302325,7
2024,Fluntern,6-Zimmer und mehr,4350000.0,19079.0,6,3038774.0,0.0,1.4314983608521068,1.3990798035302325,7
2024,Hottingen,1-Zimmer,616000.0,16803.0,1,810500.0,0.0,0.7600246761258482,1.4312745347600397,15
2024,Hottingen,2-Zimmer,900000.0,20714.0,2,1132250.0,0.0,0.7948774563921396,1.4312745347600397,15
2024,Hottingen,3-Zimmer,2431000.0,22119.0,3,1606355.0,0.0,1.5133641069377566,1.4312745347600397,15
2024,Hottingen,4-Zimmer,2307970.0,22964.0,4,1976250.0,0.0,1.167853257432005,1.4312745347600397,15
2024,Hottingen,5-Zimmer,4530000.0,22500.0,5,2454583.3333333335,0.0,1.8455270751994566,1.4312745347600397,15
2024,Hottingen,6-Zimmer und mehr,3306500.0,25298.0,6,3038774.0,0.0,1.0881032942890785,1.4312745347600397,15
2024,Hirslanden,1-Zimmer,1092500.0,19337.5,1,810500.0,0.0,1.3479333744602098,1.246013393575602,12
2024,Hirslanden,2-Zimmer,1002500.0,15357.0,2,1132250.0,0.0,0.8854051667034666,1.246013393575602,12
2024,Hirslanden,3-Zimmer,1690000.0,22533.0,3,1606355.0,0.0,1.0520713042882799,1.246013393575602,12
2024,Hirslanden,4-Zimmer,2282500.0,22923.0,4,1976250.0,0.0,1.1549652118912082,1.246013393575602,12
2024,Hirslanden,5-Zimmer,3200000.0,22857.0,5,2454583.3333333335,0.0,1.303683585129859,1.246013393575602,12
2024,Hirslanden,6-Zimmer und mehr,3000000.0,16270.0,6,3038774.0,0.0,0.9872402488635219,1.246013393575602,12
2024,Witikon,1-Zimmer,725000.0,16477.0,1,810500.0,0.0,0.8945095619987662,0.9273752409565766,45
2024,Witikon,2-Zimmer,1443180.0,20531.0,2,1132250.0,0.0,1.2746124972400088,0.9273752409565766,45
2024,Witikon,3-Zimmer,1250000.0,14715.0,3,1606355.0,0.0,0.7781592487339349,0.9273752409565766,45
2024,Witikon,4-Zimmer,1679700.0,15770.0,4,1976250.0,0.0,0.8499430740037951,0.9273752409565766,45
2024,Witikon,5-Zimmer,2000000.0,16304.0,5,2454583.3333333335,0.0,0.8148022407061619,0.9273752409565766,45
2024,Witikon,6-Zimmer und mehr,2032500.0,14382.0,6,3038774.0,0.0,0.6688552686050361,0.9273752409565766,45
2024,Kreis 8,1-Zimmer,775000.0,16015.0,1,810500.0,0.0,0.9561998766193708,1.4490015954961921,27
2024,Kreis 8,2-Zimmer,1640000.0,26288.0,2,1132250.0,0.0,1.448443364981232,1.4490015954961921,27
2024,Kreis 8,3-Zimmer,1560000.0,21860.0,3,1606355.0,0.0,0.9711427424199508,1.4490015954961921,27
2024,Kreis 8,4-Zimmer,2921000.0,22292.0,4,1976250.0,0.0,1.4780518659076534,1.4490015954961921,27
2024,Kreis 8,5-Zimmer,2533000.0,15352.0,5,2454583.3333333335,0.0,1.031947037854354,1.4490015954961921,27
2024,Kreis 8,6-Zimmer und mehr,4837000.0,30421.0,6,3038774.0,0.0,1.5917603612509519,1.4490015954961921,27
2024,Seefeld,1-Zimmer,750000.0,24194.0,1,810500.0,0.0,0.9253547193090684,1.0248441117732077,39
2024,Seefeld,2-Zimmer,1240000.0,15500.0,2,1132250.0,0.0,1.0951644954736144,1.0248441117732077,39
2024,Seefeld,3-Zimmer,1975000.0,20783.0,3,1606355.0,0.0,1.2294916129996172,1.0248441117732077,39
2024,Seefeld,4-Zimmer,2200000.0,22000.0,4,1976250.0,0.0,1.1132194813409235,1.0248441117732077,39
2024,Seefeld,5-Zimmer,1750000.0,13359.0,5,2454583.3333333335,0.0,0.7129519606178917,1.0248441117732077,39
2024,Seefeld,6-Zimmer und mehr,2175000.0,11569.0,6,3038774.0,0.0,0.7157491804260534,1.0248441117732077,39
2024,Mühlebach,1-Zimmer,775000.0,16015.0,1,810500.0,0.0,0.9561998766193708,1.4145692710273003,32
2024,Mühlebach,2-Zimmer,1280000.0,22857.0,2,1132250.0,0.0,1.1304923824243762,1.4145692710273003,32
2024,Mühlebach,3-Zimmer,1560000.0,23281.0,3,1606355.0,0.0,0.9711427424199508,1.4145692710273003,32
2024,Mühlebach,4-Zimmer,2975000.0,25815.0,4,1976250.0,0.0,1.5053763440860215,1.4145692710273003,32
2024,Mühlebach,5-Zimmer,2500000.0,16075.0,5,2454583.3333333335,0.0,1.0185028008827024,1.4145692710273003,32
2024,Mühlebach,6-Zimmer und mehr,4837000.0,30421.0,6,3038774.0,0.0,1.5917603612509519,1.4145692710273003,32
2024,Weinegg,1-Zimmer,1118580.0,18164.0,1,810500.0,0.0,1.380111042566317,1.3678550684617174,42
2024,Weinegg,2-Zimmer,1735000.0,26885.0,2,1132250.0,0.0,1.5323470964892911,1.3678550684617174,42
2024,Weinegg,3-Zimmer,1455000.0,19575.0,3,1606355.0,0.0,0.9057773655263002,1.3678550684617174,42
2024,Weinegg,4-Zimmer,3042000.0,21729.0,4,1976250.0,0.0,1.5392789373814042,1.3678550684617174,42
2024,Weinegg,5-Zimmer,3016500.0,17676.0,5,2454583.3333333335,0.0,1.2289254795450686,1.3678550684617174,42
2024,Weinegg,6-Zimmer und mehr,3100000.0,16705.0,6,3038774.0,0.0,1.0201482571589726,1.3678550684617174,42
2024,Kreis 9,1-Zimmer,1000000.0,12582.0,1,810500.0,0.0,1.2338062924120914,0.832978871069692,28
2024,Kreis 9,2-Zimmer,1015930.0,17103.0,2,1132250.0,0.0,0.8972665047471848,0.832978871069692,28
2024,Kreis 9,3-Zimmer,1354570.0,16667.0,3,1606355.0,0.0,0.8432569388460209,0.832978871069692,28
2024,Kreis 9,4-Zimmer,1625510.0,16761.0,4,1976250.0,0.0,0.8225224541429476,0.832978871069692,28
2024,Kreis 9,5-Zimmer,1775000.0,12998.0,5,2454583.3333333335,0.0,0.7231369886267187,0.832978871069692,28
2024,Kreis 9,6-Zimmer und mehr,1430000.0,8868.0,6,3038774.0,0.0,0.47058451862494544,0.832978871069692,28
2024,Albisrieden,1-Zimmer,400000.0,11042.0,1,810500.0,0.0,0.4935225169648365,0.747291136875913,1
2024,Albisrieden,2-Zimmer,1015930.0,17354.0,2,1132250.0,0.0,0.8972665047471848,0.747291136875913,1
2024,Albisrieden,3-Zimmer,1354570.0,16761.0,3,1606355.0,0.0,0.8432569388460209,0.747291136875913,1
2024,Albisrieden,4-Zimmer,1589380.0,16761.0,4,1976250.0,0.0,0.8042403542061987,0.747291136875913,1
2024,Albisrieden,5-Zimmer,1482500.0,12836.0,5,2454583.3333333335,0.0,0.6039721609234425,0.747291136875913,1
2024,Albisrieden,6-Zimmer und mehr,1515000.0,8868.0,6,3038774.0,0.0,0.49855632567607855,0.747291136875913,1
2024,Altstetten,1-Zimmer,1460000.0,12582.0,1,810500.0,0.0,1.8013571869216534,0.9343196009091965,3
2024,Altstetten,2-Zimmer,960000.0,16852.0,2,1132250.0,0.0,0.8478692868182822,0.9343196009091965,3
2024,Altstetten,3-Zimmer,1345000.0,14082.0,3,1606355.0,0.0,0.837299351637714,0.9343196009091965,3
2024,Altstetten,4-Zimmer,1870000.0,16418.0,4,1976250.0,0.0,0.946236559139785,0.9343196009091965,3
2024,Altstetten,5-Zimmer,1970000.0,15391.0,5,2454583.3333333335,0.0,0.8025802070955694,0.9343196009091965,3
2024,Altstetten,6-Zimmer und mehr,1593750.0,10105.0,6,3038774.0,0.0,0.524471382208746,0.9343196009091965,3
2024,Kreis 10,1-Zimmer,306705.0,7846.0,1,810500.0,0.0,0.37841455891425047,0.9691658242636657,18
2024,Kreis 10,2-Zimmer,943900.0,14650.0,2,1132250.0,0.0,0.8336498123206005,0.9691658242636657,18
2024,Kreis 10,3-Zimmer,1286220.0,13166.0,3,1606355.0,0.0,0.8007071911252494,0.9691658242636657,18
2024,Kreis 10,4-Zimmer,1680000.0,15910.0,4,1976250.0,0.0,0.8500948766603416,0.9691658242636657,18
2024,Kreis 10,5-Zimmer,1975000.0,15076.0,5,2454583.3333333335,0.0,0.8046172126973349,0.9691658242636657,18
2024,Kreis 10,6-Zimmer und mehr,3350000.0,16919.0,6,3038774.0,0.0,1.1024182778975995,0.9691658242636657,18
2024,Höngg,1-Zimmer,313410.0,8375.0,1,810500.0,0.0,0.38668723010487355,0.9978507945140551,16
2024,Höngg,2-Zimmer,885830.0,14293.0,2,1132250.0,0.0,0.7823625524398322,0.9978507945140551,16
2024,Höngg,3-Zimmer,1340000.0,14102.0,3,1606355.0,0.0,0.8341867146427782,0.9978507945140551,16
2024,Höngg,4-Zimmer,1715000.0,16267.0,4,1976250.0,0.0,0.8678051865907653,0.9978507945140551,16
2024,Höngg,5-Zimmer,2220000.0,16276.0,5,2454583.3333333335,0.0,0.9044304871838397,0.9978507945140551,16
2024,Höngg,6-Zimmer und mehr,3350000.0,16919.0,6,3038774.0,0.0,1.1024182778975995,0.9978507945140551,16
2024,Wipkingen,1-Zimmer,312500.0,6976.0,1,810500.0,0.0,0.38556446637877856,0.8126851293915665,44
2024,Wipkingen,2-Zimmer,1622500.0,18529.0,2,1132250.0,0.0,1.4329874144402739,0.8126851293915665,44
2024,Wipkingen,3-Zimmer,1060140.0,10376.0,3,1606355.0,0.0,0.659966196762235,0.8126851293915665,44
2024,Wipkingen,4-Zimmer,1183830.0,11721.0,4,1976250.0,0.0,0.5990284629981024,0.8126851293915665,44
2024,Wipkingen,5-Zimmer,1603740.0,11350.0,5,2454583.3333333335,0.0,0.6533654727550501,0.8126851293915665,44
2024,Wipkingen,6-Zimmer und mehr,2218500.0,12397.5,6,3038774.0,0.0,0.7300641640345744,0.8126851293915665,44
2024,Kreis 11,1-Zimmer,720000.0,17797.0,1,810500.0,0.0,0.8883405305367057,0.8085207479661254,19
2024,Kreis 11,2-Zimmer,796500.0,13134.0,2,1132250.0,0.0,0.7034665489070435,0.8085207479661254,19
2024,Kreis 11,3-Zimmer,1313500.0,13648.0,3,1606355.0,0.0,0.8176897385696188,0.8085207479661254,19
2024,Kreis 11,4-Zimmer,1600210.0,13694.0,4,1976250.0,0.0,0.8097204301075269,0.8085207479661254,19
2024,Kreis 11,5-Zimmer,2040000.0,13784.0,5,2454583.3333333335,0.0,0.8310982855202851,0.8085207479661254,19
2024,Kreis 11,6-Zimmer und mehr,1490000.0,7748.0,6,3038774.0,0.0,0.49032932360221587,0.8085207479661254,19
2024,Affoltern,1-Zimmer,665000.0,12547.0,1,810500.0,0.0,0.8204811844540407,0.7678713067398859,0
2024,Affoltern,2-Zimmer,785000.0,13305.0,2,1132250.0,0.0,0.6933097814086995,0.7678713067398859,0
2024,Affoltern,3-Zimmer,1082500.0,12402.0,3,1606355.0,0.0,0.6738859094035876,0.7678713067398859,0
2024,Affoltern,4-Zimmer,1417500.0,12151.0,4,1976250.0,0.0,0.7172675521821632,0.7678713067398859,0
2024,Affoltern,5-Zimmer,2040000.0,13784.0,5,2454583.3333333335,0.0,0.8310982855202851,0.7678713067398859,0
2024,Affoltern,6-Zimmer und mehr,1570000.0,5607.0,6,3038774.0,0.0,0.5166557302385765,0.7678713067398859,0
2024,Oerlikon,1-Zimmer,630000.0,17326.0,1,810500.0,0.0,0.7772979642196175,0.8081439222322622,34
2024,Oerlikon,2-Zimmer,1075000.0,14928.0,2,1132250.0,0.0,0.9494369618017222,0.8081439222322622,34
2024,Oerlikon,3-Zimmer,1560000.0,18533.0,3,1606355.0,0.0,0.9711427424199508,0.8081439222322622,34
2024,Oerlikon,4-Zimmer,1520000.0,12500.0,4,1976250.0,0.0,0.7691334598355472,0.8081439222322622,34
2024,Oerlikon,5-Zimmer,1412500.0,9650.0,5,2454583.3333333335,0.0,0.5754540824987269,0.8081439222322622,34
2024,Oerlikon,6-Zimmer und mehr,1759000.0,11162.5,6,3038774.0,0.0,0.5788518659169783,0.8081439222322622,34
2024,Seebach,1-Zimmer,1095000.0,18398.0,1,810500.0,0.0,1.35101789019124,0.831328354041316,38
2024,Seebach,2-Zimmer,793000.0,11954.0,2,1132250.0,0.0,0.7003753587988518,0.831328354041316,38
2024,Seebach,3-Zimmer,1350000.0,14744.0,3,1606355.0,0.0,0.8404119886326497,0.831328354041316,38
2024,Seebach,4-Zimmer,1654260.0,15408.0,4,1976250.0,0.0,0.8370702087286528,0.831328354041316,38
2024,Seebach,5-Zimmer,2327500.0,14758.0,5,2454583.3333333335,0.0,0.9482261076217959,0.831328354041316,38
2024,Seebach,6-Zimmer und mehr,965000.0,6353.0,6,3038774.0,0.0,0.31756228005109954,0.831328354041316,38
2024,Kreis 12,1-Zimmer,512900.0,10436.0,1,810500.0,0.0,0.6328192473781616,0.8686818397247367,20
2024,Kreis 12,2-Zimmer,885000.0,12714.0,2,1132250.0,0.0,0.7816294987856038,0.8686818397247367,20
2024,Kreis 12,3-Zimmer,1150000.0,13659.0,3,1606355.0,0.0,0.7159065088352201,0.8686818397247367,20
2024,Kreis 12,4-Zimmer,1385000.0,14225.0,4,1976250.0,0.0,0.7008222643896268,0.8686818397247367,20
2024,Kreis 12,5-Zimmer,2445000.0,16781.0,5,2454583.3333333335,0.0,0.9960957392632829,0.8686818397247367,20
2024,Kreis 12,6-Zimmer und mehr,2174620.0,12075.0,6,3038774.0,0.0,0.7156241299945307,0.8686818397247367,20
2024,Saatlen,1-Zimmer,365000.0,10909.0,1,810500.0,0.0,0.45033929673041334,0.4620178050969651,36
2024,Saatlen,2-Zimmer,838750.0,11649.0,2,1132250.0,0.0,0.7407816294987856,0.4620178050969651,36
2024,Saatlen,3-Zimmer,935000.0,9639.0,3,1606355.0,0.0,0.5820631180529833,0.4620178050969651,36
2024,Saatlen,4-Zimmer,1100000.0,9958.0,4,1976250.0,0.0,0.5566097406704618,0.4620178050969651,36
2024,Saatlen,5-Zimmer,1310000.0,9704.0,5,2454583.3333333335,0.0,0.5336954676625361,0.4620178050969651,36
2024,Saatlen,6-Zimmer und mehr,0.0,0.0,6,3038774.0,0.0,0.0,0.4620178050969651,36
2024,Schwamendingen-Mitte,1-Zimmer,512900.0,10098.0,1,810500.0,0.0,0.6328192473781616,0.8923355262212426,37
2024,Schwamendingen-Mitte,2-Zimmer,887500.0,13095.0,2,1132250.0,0.0,0.7838374917200265,0.8923355262212426,37
2024,Schwamendingen-Mitte,3-Zimmer,1175000.0,13780.0,3,1606355.0,0.0,0.7314696938098988,0.8923355262212426,37
2024,Schwamendingen-Mitte,4-Zimmer,1385000.0,14225.0,4,1976250.0,0.0,0.7008222643896268,0.8923355262212426,37
2024,Schwamendingen-Mitte,5-Zimmer,2445000.0,16781.0,5,2454583.3333333335,0.0,0.9960957392632829,0.8923355262212426,37
2024,Schwamendingen-Mitte,6-Zimmer und mehr,2380000.0,14000.0,6,3038774.0,0.0,0.7832105974317274,0.8923355262212426,37
2024,Hirzenbach,1-Zimmer,0.0,0.0,1,810500.0,0.0,0.0,0.44218417678121147,13
2024,Hirzenbach,2-Zimmer,0.0,0.0,2,1132250.0,0.0,0.0,0.44218417678121147,13
2024,Hirzenbach,3-Zimmer,508000.0,7815.0,3,1606355.0,0.0,0.31624391868547114,0.44218417678121147,13
2024,Hirzenbach,4-Zimmer,1025000.0,9020.0,4,1976250.0,0.0,0.5186590765338394,0.44218417678121147,13
2024,Hirzenbach,5-Zimmer,851250.0,6670.5,5,2454583.3333333335,0.0,0.34680020370056014,0.44218417678121147,13
2024,Hirzenbach,6-Zimmer und mehr,1969230.0,10151.0,6,3038774.0,0.0,0.6480343717565045,0.44218417678121147,13
